frame_id,width,height,load_time,resize_time,preprocess_time,infer_time,postproc_time,total_time,memory_MB
0,1920,1080,0.0162,0.0009,0.0053,0.0513,0.0001,0.0738,1842.42
1,1920,1080,0.0192,0.0008,0.0053,0.0140,0.0001,0.0393,1854.89
2,1920,1080,0.0143,0.0008,0.0052,0.0138,0.0001,0.0342,1855.14
3,1920,1080,0.0143,0.0008,0.0044,0.0138,0.0001,0.0335,1855.14
4,1920,1080,0.0143,0.0008,0.0047,0.0138,0.0001,0.0338,1855.14
5,1920,1080,0.0144,0.0008,0.0048,0.0142,0.0001,0.0343,1855.14
6,1920,1080,0.0144,0.0008,0.0052,0.0138,0.0001,0.0343,1855.14
7,1920,1080,0.0144,0.0008,0.0056,0.0138,0.0001,0.0348,1855.14
8,1920,1080,0.0144,0.0008,0.0052,0.0138,0.0001,0.0342,1855.14
9,1920,1080,0.0145,0.0008,0.0052,0.0138,0.0001,0.0344,1855.14
10,1920,1080,0.0145,0.0008,0.0052,0.0138,0.0001,0.0344,1855.14
11,1920,1080,0.0145,0.0008,0.0052,0.0138,0.0001,0.0343,1855.14
12,1920,1080,0.0146,0.0008,0.0051,0.0138,0.0001,0.0344,1855.14
13,1920,1080,0.0146,0.0008,0.0052,0.0138,0.0001,0.0345,1855.14
14,1920,1080,0.0145,0.0008,0.0052,0.0138,0.0001,0.0344,1855.14
15,1920,1080,0.0144,0.0008,0.0056,0.0138,0.0001,0.0347,1855.14
16,1920,1080,0.0145,0.0008,0.0051,0.0138,0.0001,0.0343,1855.14
17,1920,1080,0.0146,0.0008,0.0051,0.0140,0.0001,0.0346,1855.14
18,1920,1080,0.0146,0.0008,0.0046,0.0138,0.0001,0.0340,1855.14
19,1920,1080,0.0144,0.0008,0.0046,0.0138,0.0001,0.0338,1855.14
20,1920,1080,0.0146,0.0008,0.0051,0.0138,0.0001,0.0344,1855.14
21,1920,1080,0.0147,0.0008,0.0047,0.0138,0.0001,0.0340,1855.14
22,1920,1080,0.0146,0.0008,0.0051,0.0138,0.0001,0.0343,1855.14
23,1920,1080,0.0146,0.0008,0.0046,0.0142,0.0001,0.0343,1855.14
24,1920,1080,0.0146,0.0008,0.0046,0.0138,0.0001,0.0340,1855.14
25,1920,1080,0.0146,0.0008,0.0040,0.0138,0.0001,0.0332,1855.14
26,1920,1080,0.0145,0.0008,0.0047,0.0138,0.0001,0.0339,1855.14
27,1920,1080,0.0144,0.0008,0.0047,0.0141,0.0001,0.0341,1855.14
28,1920,1080,0.0143,0.0008,0.0047,0.0142,0.0001,0.0341,1855.14
29,1920,1080,0.0145,0.0008,0.0039,0.0138,0.0001,0.0331,1855.14
30,1920,1080,0.0145,0.0008,0.0046,0.0138,0.0001,0.0339,1855.14
31,1920,1080,0.0147,0.0008,0.0051,0.0138,0.0001,0.0345,1855.14
32,1920,1080,0.0145,0.0008,0.0046,0.0138,0.0001,0.0340,1855.14
33,1920,1080,0.0146,0.0008,0.0046,0.0142,0.0001,0.0344,1855.14
34,1920,1080,0.0146,0.0008,0.0046,0.0138,0.0001,0.0340,1855.14
35,1920,1080,0.0146,0.0008,0.0051,0.0138,0.0001,0.0345,1855.14
36,1920,1080,0.0146,0.0008,0.0046,0.0138,0.0001,0.0339,1855.14
37,1920,1080,0.0147,0.0008,0.0046,0.0138,0.0001,0.0340,1855.14
38,1920,1080,0.0147,0.0008,0.0046,0.0138,0.0001,0.0340,1855.14
39,1920,1080,0.0146,0.0008,0.0046,0.0138,0.0001,0.0339,1855.14
40,1920,1080,0.0145,0.0008,0.0046,0.0141,0.0001,0.0341,1855.14
41,1920,1080,0.0145,0.0008,0.0046,0.0138,0.0001,0.0339,1855.14
42,1920,1080,0.0145,0.0008,0.0046,0.0138,0.0001,0.0338,1855.14
43,1920,1080,0.0147,0.0008,0.0046,0.0138,0.0001,0.0339,1855.14
44,1920,1080,0.0146,0.0008,0.0049,0.0138,0.0001,0.0342,1855.14
45,1920,1080,0.0146,0.0008,0.0039,0.0139,0.0001,0.0332,1855.14
46,1920,1080,0.0146,0.0008,0.0046,0.0142,0.0001,0.0344,1855.14
47,1920,1080,0.0147,0.0008,0.0046,0.0139,0.0001,0.0340,1855.14
48,1920,1080,0.0146,0.0008,0.0046,0.0139,0.0001,0.0340,1855.14
49,1920,1080,0.0147,0.0008,0.0046,0.0138,0.0001,0.0340,1855.14
50,1920,1080,0.0148,0.0008,0.0046,0.0142,0.0001,0.0344,1855.14
51,1920,1080,0.0147,0.0008,0.0046,0.0138,0.0001,0.0340,1855.14
52,1920,1080,0.0147,0.0008,0.0046,0.0139,0.0001,0.0340,1855.14
53,1920,1080,0.0147,0.0008,0.0046,0.0141,0.0001,0.0343,1855.14
54,1920,1080,0.0145,0.0008,0.0046,0.0138,0.0001,0.0338,1855.14
55,1920,1080,0.0146,0.0008,0.0047,0.0138,0.0001,0.0340,1855.14
56,1920,1080,0.0146,0.0008,0.0039,0.0142,0.0001,0.0336,1855.14
57,1920,1080,0.0146,0.0008,0.0046,0.0138,0.0001,0.0340,1855.14
58,1920,1080,0.0146,0.0008,0.0047,0.0142,0.0001,0.0344,1855.14
59,1920,1080,0.0147,0.0008,0.0046,0.0138,0.0001,0.0340,1855.14
60,1920,1080,0.0147,0.0008,0.0046,0.0142,0.0001,0.0344,1855.14
61,1920,1080,0.0147,0.0008,0.0039,0.0138,0.0001,0.0333,1855.14
62,1920,1080,0.0147,0.0008,0.0046,0.0138,0.0001,0.0341,1855.14
63,1920,1080,0.0147,0.0008,0.0046,0.0138,0.0001,0.0341,1855.14
64,1920,1080,0.0147,0.0008,0.0047,0.0138,0.0001,0.0341,1855.14
65,1920,1080,0.0145,0.0008,0.0039,0.0138,0.0001,0.0332,1855.14
66,1920,1080,0.0146,0.0008,0.0039,0.0139,0.0001,0.0333,1855.14
67,1920,1080,0.0145,0.0008,0.0047,0.0138,0.0001,0.0339,1855.14
68,1920,1080,0.0146,0.0008,0.0040,0.0139,0.0001,0.0333,1855.14
69,1920,1080,0.0146,0.0008,0.0046,0.0138,0.0001,0.0339,1855.14
70,1920,1080,0.0146,0.0008,0.0046,0.0138,0.0001,0.0340,1855.14
71,1920,1080,0.0146,0.0008,0.0046,0.0138,0.0001,0.0339,1855.14
72,1920,1080,0.0146,0.0008,0.0046,0.0138,0.0001,0.0340,1855.14
73,1920,1080,0.0148,0.0008,0.0041,0.0141,0.0001,0.0339,1855.14
74,1920,1080,0.0147,0.0008,0.0047,0.0138,0.0001,0.0341,1855.14
75,1920,1080,0.0147,0.0008,0.0047,0.0138,0.0001,0.0341,1855.14
76,1920,1080,0.0147,0.0008,0.0047,0.0138,0.0001,0.0340,1855.14
77,1920,1080,0.0147,0.0008,0.0046,0.0138,0.0001,0.0341,1855.14
78,1920,1080,0.0145,0.0008,0.0047,0.0138,0.0001,0.0339,1855.14
79,1920,1080,0.0145,0.0008,0.0047,0.0138,0.0001,0.0339,1855.14
80,1920,1080,0.0144,0.0008,0.0046,0.0138,0.0001,0.0337,1855.14
81,1920,1080,0.0144,0.0008,0.0046,0.0139,0.0001,0.0338,1855.14
82,1920,1080,0.0144,0.0008,0.0046,0.0141,0.0001,0.0341,1855.14
83,1920,1080,0.0145,0.0008,0.0047,0.0141,0.0001,0.0342,1855.14
84,1920,1080,0.0145,0.0008,0.0046,0.0138,0.0001,0.0339,1855.14
85,1920,1080,0.0146,0.0008,0.0039,0.0142,0.0001,0.0336,1855.14
86,1920,1080,0.0145,0.0008,0.0047,0.0138,0.0001,0.0340,1855.14
87,1920,1080,0.0147,0.0008,0.0047,0.0138,0.0001,0.0341,1855.14
88,1920,1080,0.0146,0.0008,0.0047,0.0138,0.0001,0.0340,1855.14
89,1920,1080,0.0146,0.0008,0.0047,0.0138,0.0001,0.0339,1855.14
90,1920,1080,0.0146,0.0008,0.0047,0.0141,0.0001,0.0343,1855.14
91,1920,1080,0.0145,0.0008,0.0047,0.0142,0.0001,0.0342,1855.14
92,1920,1080,0.0144,0.0008,0.0049,0.0138,0.0001,0.0340,1855.14
93,1920,1080,0.0144,0.0008,0.0046,0.0138,0.0001,0.0337,1855.14
94,1920,1080,0.0144,0.0008,0.0040,0.0138,0.0001,0.0331,1855.14
95,1920,1080,0.0145,0.0008,0.0047,0.0138,0.0001,0.0339,1855.14
96,1920,1080,0.0144,0.0008,0.0047,0.0138,0.0001,0.0338,1855.14
97,1920,1080,0.0145,0.0008,0.0047,0.0142,0.0001,0.0342,1855.39
98,1920,1080,0.0147,0.0008,0.0039,0.0138,0.0001,0.0333,1855.39
99,1920,1080,0.0146,0.0008,0.0046,0.0138,0.0001,0.0340,1855.39
100,1920,1080,0.0146,0.0008,0.0046,0.0138,0.0001,0.0340,1855.39
101,1920,1080,0.0146,0.0008,0.0046,0.0138,0.0001,0.0340,1855.39
102,1920,1080,0.0146,0.0008,0.0047,0.0138,0.0001,0.0340,1855.39
103,1920,1080,0.0148,0.0008,0.0046,0.0138,0.0001,0.0341,1855.39
104,1920,1080,0.0145,0.0008,0.0046,0.0138,0.0001,0.0338,1855.39
105,1920,1080,0.0145,0.0008,0.0047,0.0138,0.0001,0.0338,1855.39
106,1920,1080,0.0145,0.0008,0.0046,0.0138,0.0001,0.0339,1855.39
107,1920,1080,0.0144,0.0008,0.0039,0.0142,0.0001,0.0335,1855.39
108,1920,1080,0.0146,0.0008,0.0047,0.0142,0.0001,0.0343,1855.39
109,1920,1080,0.0145,0.0008,0.0047,0.0138,0.0001,0.0340,1855.39
110,1920,1080,0.0146,0.0008,0.0046,0.0142,0.0001,0.0343,1855.39
111,1920,1080,0.0146,0.0008,0.0046,0.0138,0.0001,0.0339,1855.39
112,1920,1080,0.0147,0.0008,0.0047,0.0138,0.0001,0.0341,1855.39
113,1920,1080,0.0146,0.0008,0.0046,0.0142,0.0001,0.0343,1855.39
114,1920,1080,0.0147,0.0008,0.0046,0.0138,0.0001,0.0340,1855.39
115,1920,1080,0.0147,0.0008,0.0046,0.0138,0.0001,0.0340,1855.39
116,1920,1080,0.0147,0.0008,0.0046,0.0138,0.0001,0.0340,1855.39
117,1920,1080,0.0144,0.0008,0.0046,0.0138,0.0001,0.0338,1855.39
118,1920,1080,0.0144,0.0008,0.0046,0.0139,0.0001,0.0339,1855.39
119,1920,1080,0.0143,0.0008,0.0046,0.0138,0.0001,0.0337,1855.39
120,1920,1080,0.0144,0.0008,0.0047,0.0138,0.0001,0.0338,1855.39
121,1920,1080,0.0144,0.0008,0.0046,0.0142,0.0001,0.0342,1855.39
122,1920,1080,0.0143,0.0008,0.0047,0.0142,0.0001,0.0341,1855.39
123,1920,1080,0.0144,0.0008,0.0046,0.0138,0.0001,0.0338,1855.39
124,1920,1080,0.0144,0.0008,0.0046,0.0138,0.0001,0.0338,1855.39
125,1920,1080,0.0145,0.0008,0.0046,0.0142,0.0001,0.0342,1855.39
126,1920,1080,0.0145,0.0008,0.0046,0.0138,0.0001,0.0340,1855.39
127,1920,1080,0.0146,0.0008,0.0046,0.0139,0.0001,0.0340,1855.39
128,1920,1080,0.0146,0.0008,0.0046,0.0139,0.0001,0.0340,1855.39
129,1920,1080,0.0146,0.0008,0.0046,0.0142,0.0001,0.0344,1855.39
130,1920,1080,0.0144,0.0008,0.0046,0.0138,0.0001,0.0338,1855.39
131,1920,1080,0.0145,0.0008,0.0046,0.0138,0.0001,0.0338,1855.39
132,1920,1080,0.0143,0.0008,0.0046,0.0138,0.0001,0.0337,1855.39
133,1920,1080,0.0143,0.0008,0.0046,0.0139,0.0001,0.0337,1855.39
134,1920,1080,0.0143,0.0008,0.0046,0.0142,0.0001,0.0341,1855.39
135,1920,1080,0.0144,0.0008,0.0046,0.0139,0.0001,0.0338,1855.39
136,1920,1080,0.0144,0.0008,0.0046,0.0138,0.0001,0.0338,1855.39
137,1920,1080,0.0145,0.0008,0.0046,0.0139,0.0001,0.0339,1855.39
138,1920,1080,0.0145,0.0008,0.0046,0.0142,0.0001,0.0341,1855.39
139,1920,1080,0.0145,0.0008,0.0047,0.0141,0.0001,0.0342,1855.39
140,1920,1080,0.0147,0.0008,0.0047,0.0138,0.0001,0.0341,1855.39
141,1920,1080,0.0145,0.0008,0.0046,0.0139,0.0001,0.0339,1855.39
142,1920,1080,0.0146,0.0008,0.0046,0.0139,0.0001,0.0340,1855.39
143,1920,1080,0.0143,0.0008,0.0047,0.0139,0.0001,0.0337,1855.39
144,1920,1080,0.0143,0.0008,0.0046,0.0138,0.0001,0.0336,1855.39
145,1920,1080,0.0141,0.0008,0.0056,0.0138,0.0001,0.0345,1855.39
146,1920,1080,0.0142,0.0008,0.0046,0.0138,0.0001,0.0336,1855.39
147,1920,1080,0.0142,0.0008,0.0047,0.0143,0.0001,0.0341,1855.39
148,1920,1080,0.0143,0.0008,0.0046,0.0139,0.0001,0.0337,1855.39
149,1920,1080,0.0142,0.0008,0.0046,0.0139,0.0001,0.0336,1855.39
150,1920,1080,0.0143,0.0008,0.0046,0.0138,0.0001,0.0336,1855.39
151,1920,1080,0.0143,0.0008,0.0046,0.0139,0.0001,0.0337,1855.39
152,1920,1080,0.0143,0.0008,0.0046,0.0143,0.0001,0.0341,1855.39
153,1920,1080,0.0144,0.0008,0.0047,0.0138,0.0001,0.0338,1855.39
154,1920,1080,0.0145,0.0008,0.0046,0.0142,0.0001,0.0342,1855.39
155,1920,1080,0.0146,0.0008,0.0047,0.0138,0.0001,0.0340,1855.39
156,1920,1080,0.0145,0.0008,0.0046,0.0143,0.0001,0.0343,1855.39
157,1920,1080,0.0145,0.0008,0.0046,0.0139,0.0001,0.0339,1855.39
158,1920,1080,0.0144,0.0008,0.0046,0.0143,0.0001,0.0343,1855.39
159,1920,1080,0.0145,0.0008,0.0046,0.0142,0.0001,0.0343,1855.39
160,1920,1080,0.0146,0.0008,0.0047,0.0142,0.0001,0.0345,1855.39
161,1920,1080,0.0146,0.0008,0.0046,0.0140,0.0001,0.0340,1855.39
162,1920,1080,0.0146,0.0008,0.0046,0.0140,0.0001,0.0341,1855.39
163,1920,1080,0.0146,0.0008,0.0046,0.0143,0.0001,0.0344,1855.39
164,1920,1080,0.0146,0.0008,0.0046,0.0140,0.0001,0.0341,1855.39
165,1920,1080,0.0146,0.0008,0.0046,0.0143,0.0001,0.0345,1855.39
166,1920,1080,0.0148,0.0008,0.0046,0.0139,0.0001,0.0342,1855.39
167,1920,1080,0.0147,0.0008,0.0046,0.0142,0.0001,0.0345,1855.39
168,1920,1080,0.0147,0.0008,0.0046,0.0142,0.0001,0.0344,1855.39
169,1920,1080,0.0146,0.0008,0.0046,0.0139,0.0001,0.0340,1855.39
170,1920,1080,0.0146,0.0008,0.0047,0.0142,0.0001,0.0344,1855.39
171,1920,1080,0.0144,0.0008,0.0039,0.0138,0.0001,0.0331,1855.39
172,1920,1080,0.0146,0.0008,0.0046,0.0142,0.0001,0.0343,1855.39
173,1920,1080,0.0145,0.0008,0.0047,0.0139,0.0001,0.0341,1855.39
174,1920,1080,0.0145,0.0008,0.0046,0.0139,0.0001,0.0339,1855.39
175,1920,1080,0.0146,0.0008,0.0046,0.0139,0.0001,0.0340,1855.39
176,1920,1080,0.0145,0.0008,0.0046,0.0139,0.0001,0.0340,1855.39
177,1920,1080,0.0146,0.0008,0.0046,0.0142,0.0001,0.0343,1855.39
178,1920,1080,0.0147,0.0008,0.0046,0.0139,0.0001,0.0341,1855.39
179,1920,1080,0.0148,0.0008,0.0046,0.0139,0.0001,0.0342,1855.39
180,1920,1080,0.0148,0.0008,0.0039,0.0139,0.0001,0.0335,1855.39
181,1920,1080,0.0148,0.0008,0.0046,0.0142,0.0001,0.0345,1855.39
182,1920,1080,0.0145,0.0008,0.0051,0.0139,0.0001,0.0344,1855.39
183,1920,1080,0.0144,0.0008,0.0046,0.0139,0.0001,0.0339,1855.39
184,1920,1080,0.0143,0.0008,0.0046,0.0139,0.0001,0.0337,1855.39
185,1920,1080,0.0144,0.0008,0.0046,0.0139,0.0001,0.0338,1855.39
186,1920,1080,0.0144,0.0008,0.0046,0.0139,0.0001,0.0338,1855.39
187,1920,1080,0.0145,0.0008,0.0046,0.0138,0.0001,0.0338,1855.39
188,1920,1080,0.0145,0.0008,0.0040,0.0140,0.0001,0.0334,1855.39
189,1920,1080,0.0145,0.0008,0.0046,0.0139,0.0001,0.0340,1855.39
190,1920,1080,0.0145,0.0008,0.0046,0.0139,0.0001,0.0340,1855.39
191,1920,1080,0.0145,0.0008,0.0046,0.0139,0.0001,0.0339,1855.39
192,1920,1080,0.0147,0.0008,0.0046,0.0139,0.0001,0.0341,1855.39
193,1920,1080,0.0146,0.0008,0.0047,0.0139,0.0001,0.0342,1855.39
194,1920,1080,0.0146,0.0008,0.0046,0.0139,0.0001,0.0341,1855.39
195,1920,1080,0.0145,0.0008,0.0046,0.0140,0.0001,0.0340,1855.39
196,1920,1080,0.0145,0.0008,0.0047,0.0143,0.0001,0.0344,1855.39
197,1920,1080,0.0144,0.0008,0.0046,0.0143,0.0001,0.0342,1855.39
198,1920,1080,0.0145,0.0008,0.0046,0.0139,0.0001,0.0339,1855.39
199,1920,1080,0.0146,0.0008,0.0046,0.0139,0.0001,0.0340,1855.39
200,1920,1080,0.0146,0.0008,0.0046,0.0139,0.0001,0.0341,1855.39
201,1920,1080,0.0146,0.0008,0.0046,0.0139,0.0001,0.0340,1855.39
202,1920,1080,0.0146,0.0008,0.0046,0.0142,0.0001,0.0344,1855.39
203,1920,1080,0.0147,0.0008,0.0047,0.0140,0.0001,0.0343,1855.39
204,1920,1080,0.0147,0.0008,0.0046,0.0144,0.0001,0.0347,1855.39
205,1920,1080,0.0147,0.0008,0.0046,0.0139,0.0001,0.0342,1855.39
206,1920,1080,0.0146,0.0008,0.0046,0.0139,0.0001,0.0341,1855.39
207,1920,1080,0.0146,0.0008,0.0039,0.0139,0.0001,0.0334,1855.39
208,1920,1080,0.0145,0.0008,0.0046,0.0139,0.0001,0.0340,1855.39
209,1920,1080,0.0144,0.0008,0.0046,0.0140,0.0001,0.0340,1855.39
210,1920,1080,0.0143,0.0008,0.0047,0.0143,0.0001,0.0342,1855.39
211,1920,1080,0.0145,0.0008,0.0046,0.0139,0.0001,0.0340,1855.39
212,1920,1080,0.0145,0.0008,0.0047,0.0139,0.0001,0.0339,1855.39
213,1920,1080,0.0145,0.0008,0.0046,0.0142,0.0001,0.0342,1855.39
214,1920,1080,0.0146,0.0008,0.0046,0.0139,0.0001,0.0340,1855.39
215,1920,1080,0.0145,0.0008,0.0046,0.0139,0.0001,0.0340,1855.39
216,1920,1080,0.0146,0.0008,0.0046,0.0139,0.0001,0.0341,1855.39
217,1920,1080,0.0146,0.0008,0.0046,0.0138,0.0001,0.0340,1855.39
218,1920,1080,0.0146,0.0008,0.0046,0.0142,0.0001,0.0344,1855.39
219,1920,1080,0.0145,0.0008,0.0046,0.0139,0.0001,0.0340,1855.39
220,1920,1080,0.0146,0.0008,0.0046,0.0140,0.0001,0.0341,1855.39
221,1920,1080,0.0145,0.0008,0.0046,0.0139,0.0001,0.0340,1855.39
222,1920,1080,0.0144,0.0008,0.0046,0.0139,0.0001,0.0339,1855.39
223,1920,1080,0.0145,0.0008,0.0039,0.0139,0.0001,0.0332,1855.39
224,1920,1080,0.0144,0.0008,0.0047,0.0140,0.0001,0.0339,1855.39
225,1920,1080,0.0145,0.0008,0.0046,0.0139,0.0001,0.0339,1855.39
226,1920,1080,0.0145,0.0008,0.0046,0.0139,0.0001,0.0339,1855.39
227,1920,1080,0.0144,0.0008,0.0047,0.0140,0.0001,0.0340,1855.39
228,1920,1080,0.0146,0.0008,0.0046,0.0143,0.0001,0.0344,1855.39
229,1920,1080,0.0146,0.0008,0.0047,0.0139,0.0001,0.0341,1855.39
230,1920,1080,0.0145,0.0008,0.0046,0.0139,0.0001,0.0339,1855.39
231,1920,1080,0.0146,0.0008,0.0047,0.0139,0.0001,0.0341,1855.39
232,1920,1080,0.0146,0.0008,0.0039,0.0139,0.0001,0.0333,1855.39
233,1920,1080,0.0147,0.0008,0.0046,0.0139,0.0001,0.0341,1855.39
234,1920,1080,0.0146,0.0008,0.0046,0.0139,0.0001,0.0341,1855.39
235,1920,1080,0.0146,0.0008,0.0046,0.0139,0.0001,0.0341,1855.39
236,1920,1080,0.0145,0.0008,0.0047,0.0139,0.0001,0.0340,1855.39
237,1920,1080,0.0146,0.0008,0.0039,0.0143,0.0001,0.0337,1855.39
238,1920,1080,0.0145,0.0008,0.0046,0.0139,0.0001,0.0340,1855.39
239,1920,1080,0.0145,0.0008,0.0046,0.0139,0.0001,0.0339,1855.39
240,1920,1080,0.0146,0.0008,0.0046,0.0139,0.0001,0.0341,1855.39
241,1920,1080,0.0147,0.0008,0.0040,0.0138,0.0001,0.0334,1855.39
242,1920,1080,0.0146,0.0008,0.0046,0.0140,0.0001,0.0341,1855.39
243,1920,1080,0.0146,0.0008,0.0046,0.0138,0.0001,0.0340,1855.39
244,1920,1080,0.0146,0.0008,0.0046,0.0139,0.0001,0.0340,1855.39
245,1920,1080,0.0147,0.0008,0.0046,0.0139,0.0001,0.0341,1855.39
246,1920,1080,0.0147,0.0008,0.0039,0.0139,0.0001,0.0334,1855.39
247,1920,1080,0.0146,0.0008,0.0049,0.0142,0.0001,0.0347,1855.39
248,1920,1080,0.0147,0.0008,0.0046,0.0139,0.0001,0.0341,1855.39
249,1920,1080,0.0145,0.0008,0.0049,0.0139,0.0001,0.0342,1855.39
250,1920,1080,0.0145,0.0008,0.0047,0.0139,0.0001,0.0340,1855.39
251,1920,1080,0.0146,0.0008,0.0046,0.0139,0.0001,0.0341,1855.39
252,1920,1080,0.0146,0.0008,0.0040,0.0139,0.0001,0.0334,1855.39
253,1920,1080,0.0146,0.0008,0.0047,0.0139,0.0001,0.0341,1855.39
254,1920,1080,0.0147,0.0008,0.0047,0.0142,0.0001,0.0345,1855.39
255,1920,1080,0.0147,0.0008,0.0046,0.0139,0.0001,0.0342,1855.39
256,1920,1080,0.0146,0.0008,0.0047,0.0143,0.0001,0.0345,1855.39
257,1920,1080,0.0146,0.0008,0.0047,0.0139,0.0001,0.0341,1855.39
258,1920,1080,0.0147,0.0008,0.0046,0.0139,0.0001,0.0341,1855.39
259,1920,1080,0.0147,0.0008,0.0047,0.0139,0.0001,0.0341,1855.39
260,1920,1080,0.0146,0.0008,0.0046,0.0139,0.0001,0.0340,1855.39
261,1920,1080,0.0145,0.0008,0.0039,0.0139,0.0001,0.0332,1855.39
262,1920,1080,0.0145,0.0008,0.0046,0.0139,0.0001,0.0339,1855.39
263,1920,1080,0.0146,0.0008,0.0048,0.0143,0.0001,0.0345,1855.39
264,1920,1080,0.0147,0.0008,0.0046,0.0143,0.0001,0.0345,1855.39
265,1920,1080,0.0146,0.0008,0.0047,0.0139,0.0001,0.0342,1855.39
266,1920,1080,0.0146,0.0008,0.0046,0.0139,0.0001,0.0341,1855.39
267,1920,1080,0.0147,0.0008,0.0046,0.0139,0.0001,0.0341,1855.39
268,1920,1080,0.0147,0.0008,0.0047,0.0139,0.0001,0.0341,1855.39
269,1920,1080,0.0147,0.0008,0.0046,0.0139,0.0001,0.0341,1855.39
270,1920,1080,0.0147,0.0008,0.0046,0.0139,0.0001,0.0341,1855.39
271,1920,1080,0.0147,0.0008,0.0047,0.0139,0.0001,0.0342,1855.39
272,1920,1080,0.0147,0.0008,0.0047,0.0139,0.0001,0.0341,1855.39
273,1920,1080,0.0146,0.0008,0.0046,0.0139,0.0001,0.0341,1855.39
274,1920,1080,0.0147,0.0008,0.0047,0.0139,0.0001,0.0342,1855.39
275,1920,1080,0.0145,0.0008,0.0046,0.0143,0.0001,0.0343,1855.39
276,1920,1080,0.0146,0.0008,0.0047,0.0150,0.0001,0.0351,1855.61
277,1920,1080,0.0148,0.0009,0.0040,0.0144,0.0001,0.0342,1855.69
278,1920,1080,0.0146,0.0008,0.0039,0.0139,0.0001,0.0333,1855.69
279,1920,1080,0.0147,0.0008,0.0046,0.0142,0.0001,0.0344,1855.69
280,1920,1080,0.0146,0.0008,0.0047,0.0139,0.0001,0.0341,1855.69
281,1920,1080,0.0146,0.0008,0.0046,0.0139,0.0001,0.0340,1855.69
282,1920,1080,0.0145,0.0008,0.0046,0.0139,0.0001,0.0339,1855.69
283,1920,1080,0.0147,0.0008,0.0046,0.0139,0.0001,0.0341,1855.69
284,1920,1080,0.0146,0.0008,0.0039,0.0139,0.0001,0.0333,1855.69
285,1920,1080,0.0146,0.0008,0.0046,0.0139,0.0001,0.0341,1855.69
286,1920,1080,0.0146,0.0008,0.0046,0.0138,0.0001,0.0339,1855.69
287,1920,1080,0.0146,0.0008,0.0046,0.0139,0.0001,0.0339,1855.69
288,1920,1080,0.0144,0.0008,0.0046,0.0139,0.0001,0.0338,1855.69
289,1920,1080,0.0144,0.0008,0.0046,0.0139,0.0001,0.0339,1855.69
290,1920,1080,0.0145,0.0008,0.0047,0.0139,0.0001,0.0340,1855.69
291,1920,1080,0.0147,0.0008,0.0047,0.0139,0.0001,0.0341,1855.69
292,1920,1080,0.0145,0.0009,0.0046,0.0143,0.0001,0.0345,1855.69
293,1920,1080,0.0146,0.0008,0.0046,0.0139,0.0001,0.0341,1855.69
294,1920,1080,0.0147,0.0008,0.0047,0.0139,0.0001,0.0342,1855.69
295,1920,1080,0.0147,0.0008,0.0046,0.0139,0.0001,0.0341,1855.69
296,1920,1080,0.0147,0.0008,0.0047,0.0139,0.0001,0.0342,1855.69
297,1920,1080,0.0146,0.0008,0.0046,0.0139,0.0001,0.0340,1855.69
298,1920,1080,0.0147,0.0008,0.0046,0.0139,0.0001,0.0341,1855.69
299,1920,1080,0.0145,0.0008,0.0039,0.0139,0.0001,0.0332,1855.69
300,1920,1080,0.0146,0.0008,0.0046,0.0138,0.0001,0.0339,1855.69
301,1920,1080,0.0143,0.0008,0.0046,0.0138,0.0001,0.0337,1855.69
302,1920,1080,0.0144,0.0008,0.0046,0.0139,0.0001,0.0338,1855.69
303,1920,1080,0.0145,0.0008,0.0046,0.0139,0.0001,0.0339,1855.69
304,1920,1080,0.0145,0.0008,0.0049,0.0138,0.0001,0.0341,1855.69
305,1920,1080,0.0146,0.0008,0.0047,0.0138,0.0001,0.0340,1855.69
306,1920,1080,0.0146,0.0008,0.0046,0.0138,0.0001,0.0340,1855.69
307,1920,1080,0.0147,0.0008,0.0046,0.0138,0.0001,0.0340,1855.69
308,1920,1080,0.0147,0.0008,0.0046,0.0138,0.0001,0.0340,1855.69
309,1920,1080,0.0147,0.0008,0.0046,0.0139,0.0001,0.0342,1855.69
310,1920,1080,0.0146,0.0008,0.0047,0.0138,0.0001,0.0341,1855.69
311,1920,1080,0.0146,0.0008,0.0046,0.0139,0.0001,0.0341,1855.69
312,1920,1080,0.0145,0.0008,0.0046,0.0142,0.0001,0.0342,1855.69
313,1920,1080,0.0144,0.0008,0.0047,0.0138,0.0001,0.0339,1855.69
314,1920,1080,0.0144,0.0008,0.0046,0.0138,0.0001,0.0337,1855.69
315,1920,1080,0.0144,0.0008,0.0046,0.0138,0.0001,0.0338,1855.69
316,1920,1080,0.0145,0.0008,0.0047,0.0138,0.0001,0.0338,1855.69
317,1920,1080,0.0145,0.0008,0.0046,0.0142,0.0001,0.0342,1855.69
318,1920,1080,0.0145,0.0008,0.0046,0.0138,0.0001,0.0338,1855.69
319,1920,1080,0.0145,0.0008,0.0047,0.0142,0.0001,0.0342,1855.69
320,1920,1080,0.0147,0.0008,0.0046,0.0138,0.0001,0.0339,1855.69
321,1920,1080,0.0146,0.0008,0.0047,0.0138,0.0001,0.0340,1855.69
322,1920,1080,0.0145,0.0008,0.0046,0.0142,0.0001,0.0343,1855.69
323,1920,1080,0.0146,0.0008,0.0046,0.0142,0.0001,0.0343,1855.69
324,1920,1080,0.0145,0.0008,0.0046,0.0141,0.0001,0.0342,1855.69
325,1920,1080,0.0145,0.0008,0.0047,0.0142,0.0001,0.0342,1855.69
326,1920,1080,0.0144,0.0008,0.0046,0.0141,0.0001,0.0341,1855.69
327,1920,1080,0.0143,0.0008,0.0046,0.0137,0.0001,0.0336,1855.69
328,1920,1080,0.0144,0.0008,0.0047,0.0138,0.0001,0.0337,1855.69
329,1920,1080,0.0145,0.0008,0.0047,0.0138,0.0001,0.0338,1855.69
330,1920,1080,0.0144,0.0008,0.0040,0.0138,0.0001,0.0331,1855.69
331,1920,1080,0.0145,0.0008,0.0046,0.0138,0.0001,0.0338,1855.69
332,1920,1080,0.0143,0.0008,0.0047,0.0138,0.0001,0.0337,1855.69
333,1920,1080,0.0144,0.0008,0.0047,0.0138,0.0001,0.0338,1855.69
334,1920,1080,0.0145,0.0008,0.0046,0.0141,0.0001,0.0342,1855.69
335,1920,1080,0.0145,0.0008,0.0046,0.0138,0.0001,0.0338,1855.69
336,1920,1080,0.0145,0.0008,0.0050,0.0141,0.0001,0.0345,1855.69
337,1920,1080,0.0146,0.0008,0.0047,0.0138,0.0001,0.0340,1855.69
338,1920,1080,0.0143,0.0008,0.0046,0.0139,0.0001,0.0337,1855.69
339,1920,1080,0.0143,0.0008,0.0046,0.0139,0.0001,0.0337,1855.69
340,1920,1080,0.0142,0.0008,0.0047,0.0139,0.0001,0.0337,1855.69
341,1920,1080,0.0143,0.0008,0.0047,0.0139,0.0001,0.0337,1855.69
342,1920,1080,0.0144,0.0008,0.0047,0.0139,0.0001,0.0338,1855.69
343,1920,1080,0.0143,0.0008,0.0046,0.0138,0.0001,0.0337,1855.69
344,1920,1080,0.0145,0.0008,0.0047,0.0138,0.0001,0.0338,1855.69
345,1920,1080,0.0144,0.0008,0.0047,0.0142,0.0001,0.0341,1855.69
346,1920,1080,0.0144,0.0008,0.0046,0.0141,0.0001,0.0340,1855.69
347,1920,1080,0.0145,0.0008,0.0047,0.0138,0.0001,0.0338,1855.69
348,1920,1080,0.0144,0.0008,0.0047,0.0138,0.0001,0.0338,1855.69
349,1920,1080,0.0145,0.0008,0.0047,0.0138,0.0001,0.0338,1855.69
350,1920,1080,0.0144,0.0008,0.0046,0.0138,0.0001,0.0338,1855.69
351,1920,1080,0.0144,0.0008,0.0047,0.0138,0.0001,0.0338,1855.69
352,1920,1080,0.0145,0.0008,0.0047,0.0138,0.0001,0.0338,1855.69
353,1920,1080,0.0143,0.0008,0.0047,0.0138,0.0001,0.0337,1855.69
354,1920,1080,0.0144,0.0008,0.0047,0.0139,0.0001,0.0338,1855.69
355,1920,1080,0.0144,0.0008,0.0047,0.0138,0.0001,0.0338,1855.69
356,1920,1080,0.0144,0.0008,0.0046,0.0138,0.0001,0.0338,1855.69
357,1920,1080,0.0144,0.0008,0.0047,0.0138,0.0001,0.0338,1855.69
358,1920,1080,0.0145,0.0008,0.0046,0.0138,0.0001,0.0338,1855.69
359,1920,1080,0.0144,0.0008,0.0047,0.0138,0.0001,0.0338,1855.69
360,1920,1080,0.0144,0.0008,0.0046,0.0142,0.0001,0.0342,1855.69
361,1920,1080,0.0145,0.0008,0.0047,0.0138,0.0001,0.0339,1855.69
362,1920,1080,0.0145,0.0008,0.0046,0.0138,0.0001,0.0338,1855.69
363,1920,1080,0.0145,0.0008,0.0056,0.0142,0.0001,0.0352,1855.69
364,1920,1080,0.0143,0.0008,0.0046,0.0138,0.0001,0.0337,1855.69
365,1920,1080,0.0143,0.0008,0.0047,0.0137,0.0001,0.0336,1855.69
366,1920,1080,0.0142,0.0008,0.0047,0.0138,0.0001,0.0335,1855.69
367,1920,1080,0.0143,0.0008,0.0047,0.0138,0.0001,0.0337,1855.69
368,1920,1080,0.0143,0.0008,0.0047,0.0138,0.0001,0.0337,1855.69
369,1920,1080,0.0143,0.0008,0.0046,0.0138,0.0001,0.0337,1855.69
370,1920,1080,0.0143,0.0008,0.0047,0.0138,0.0001,0.0337,1855.69
371,1920,1080,0.0144,0.0008,0.0046,0.0138,0.0001,0.0337,1855.69
372,1920,1080,0.0144,0.0008,0.0046,0.0138,0.0001,0.0336,1855.69
373,1920,1080,0.0143,0.0008,0.0039,0.0138,0.0001,0.0329,1855.69
374,1920,1080,0.0145,0.0008,0.0048,0.0138,0.0001,0.0339,1855.69
375,1920,1080,0.0144,0.0008,0.0046,0.0138,0.0001,0.0337,1855.69
376,1920,1080,0.0144,0.0008,0.0047,0.0142,0.0001,0.0341,1855.69
377,1920,1080,0.0143,0.0008,0.0046,0.0138,0.0001,0.0336,1855.69
378,1920,1080,0.0143,0.0008,0.0046,0.0138,0.0001,0.0337,1855.69
379,1920,1080,0.0142,0.0008,0.0046,0.0138,0.0001,0.0335,1855.69
380,1920,1080,0.0142,0.0008,0.0039,0.0142,0.0001,0.0332,1855.69
381,1920,1080,0.0143,0.0008,0.0046,0.0138,0.0001,0.0336,1855.69
382,1920,1080,0.0143,0.0008,0.0046,0.0138,0.0001,0.0336,1855.69
383,1920,1080,0.0143,0.0008,0.0046,0.0138,0.0001,0.0337,1855.69
384,1920,1080,0.0144,0.0008,0.0046,0.0139,0.0001,0.0339,1855.69
385,1920,1080,0.0145,0.0008,0.0046,0.0138,0.0001,0.0338,1855.69
386,1920,1080,0.0145,0.0008,0.0046,0.0138,0.0001,0.0338,1855.69
387,1920,1080,0.0144,0.0008,0.0046,0.0141,0.0001,0.0341,1855.69
388,1920,1080,0.0144,0.0008,0.0046,0.0138,0.0001,0.0337,1855.69
389,1920,1080,0.0145,0.0008,0.0047,0.0142,0.0001,0.0343,1855.69
390,1920,1080,0.0143,0.0008,0.0046,0.0138,0.0001,0.0337,1855.69
391,1920,1080,0.0143,0.0008,0.0046,0.0138,0.0001,0.0336,1855.69
392,1920,1080,0.0142,0.0008,0.0049,0.0142,0.0001,0.0342,1855.69
393,1920,1080,0.0143,0.0008,0.0046,0.0138,0.0001,0.0337,1855.69
394,1920,1080,0.0145,0.0008,0.0046,0.0138,0.0001,0.0338,1855.69
395,1920,1080,0.0144,0.0008,0.0039,0.0139,0.0001,0.0331,1855.69
396,1920,1080,0.0145,0.0008,0.0046,0.0138,0.0001,0.0337,1855.69
397,1920,1080,0.0144,0.0008,0.0039,0.0138,0.0001,0.0329,1855.69
398,1920,1080,0.0143,0.0008,0.0045,0.0138,0.0001,0.0335,1855.69
399,1920,1080,0.0143,0.0008,0.0045,0.0138,0.0001,0.0336,1855.69
400,1920,1080,0.0145,0.0008,0.0046,0.0138,0.0001,0.0337,1855.69
401,1920,1080,0.0145,0.0008,0.0046,0.0138,0.0001,0.0338,1855.69
402,1920,1080,0.0144,0.0008,0.0046,0.0138,0.0001,0.0338,1855.69
403,1920,1080,0.0144,0.0008,0.0047,0.0138,0.0001,0.0338,1855.69
404,1920,1080,0.0142,0.0008,0.0045,0.0138,0.0001,0.0335,1855.69
405,1920,1080,0.0143,0.0008,0.0045,0.0138,0.0001,0.0336,1855.69
406,1920,1080,0.0141,0.0008,0.0047,0.0138,0.0001,0.0336,1855.69
407,1920,1080,0.0142,0.0008,0.0045,0.0138,0.0001,0.0335,1855.69
408,1920,1080,0.0142,0.0008,0.0045,0.0138,0.0001,0.0335,1855.69
409,1920,1080,0.0145,0.0008,0.0045,0.0138,0.0001,0.0338,1855.69
410,1920,1080,0.0141,0.0008,0.0045,0.0138,0.0001,0.0333,1855.69
411,1920,1080,0.0142,0.0008,0.0045,0.0138,0.0001,0.0334,1855.69
412,1920,1080,0.0142,0.0008,0.0039,0.0138,0.0001,0.0328,1855.69
413,1920,1080,0.0146,0.0008,0.0045,0.0137,0.0001,0.0337,1855.69
414,1920,1080,0.0142,0.0008,0.0045,0.0138,0.0001,0.0334,1855.69
415,1920,1080,0.0143,0.0008,0.0046,0.0137,0.0001,0.0336,1855.69
416,1920,1080,0.0141,0.0008,0.0045,0.0138,0.0001,0.0334,1855.69
417,1920,1080,0.0141,0.0008,0.0045,0.0138,0.0001,0.0334,1855.69
418,1920,1080,0.0140,0.0008,0.0045,0.0138,0.0001,0.0332,1855.69
419,1920,1080,0.0141,0.0008,0.0045,0.0138,0.0001,0.0334,1855.69
420,1920,1080,0.0141,0.0008,0.0046,0.0138,0.0001,0.0334,1855.69
421,1920,1080,0.0142,0.0008,0.0045,0.0138,0.0001,0.0335,1855.69
422,1920,1080,0.0141,0.0008,0.0045,0.0138,0.0001,0.0334,1855.69
423,1920,1080,0.0143,0.0008,0.0045,0.0138,0.0001,0.0336,1855.69
424,1920,1080,0.0143,0.0008,0.0046,0.0138,0.0001,0.0335,1855.69
425,1920,1080,0.0144,0.0008,0.0046,0.0138,0.0001,0.0337,1855.69
426,1920,1080,0.0143,0.0008,0.0048,0.0138,0.0001,0.0337,1855.69
427,1920,1080,0.0143,0.0008,0.0038,0.0141,0.0001,0.0332,1855.69
428,1920,1080,0.0143,0.0008,0.0045,0.0138,0.0001,0.0335,1855.69
